site,year,month,day,prevalence
Aiyedade,2010,11,15,0.596614743
Aiyedade,2010,11,15,0
Aiyedade,2015,10,15,0.337344293
Aiyedade,2015,10,15,0
Aiyedade,2018,9,15,0.231174562
Aiyedade,2018,9,15,0
Aiyedade,2021,11,15,0.222941437
Aiyedade,2021,11,15,0
